id,name,position,league,team_id,goals,assists,appearances,player_rating
1,Christine Adhiambo,Defender,premier,3,0,0,0,0
2,Anna Nabwire Arusi,Striker,premier,3,2,0,3,0
3,Christine Atieno,Midfielder,premier,3,0,0,0,0
4,Pauline Atieno,Defender,premier,3,0,0,0,0
5,Ruth Chebungei,Striker,premier,3,0,0,0,0
6,Diana Cherono,Striker,premier,3,0,0,0,0
7,Mildred Kanyisi,Midfielder,premier,3,0,0,0,0
8,Yvonne Kavere,Midfielder,premier,3,0,0,0,0
9,Lucy Agisa Kisaga,Goalkeeper,premier,3,0,0,0,0
10,Fanis Kwamboka,Defender,premier,3,0,0,0,0
11,Mary Majeso,Defender,premier,3,0,0,0,0
12,Lilian Mmboga,Defender,premier,3,0,0,0,0
13,Robi Mohere,Goalkeeper,premier,3,0,0,0,0
14,Inviolata Mukoshi,Defender,premier,3,0,0,0,0
15,Faith Muli,Striker,premier,3,0,0,0,0
16,Janet Mumo,Defender,premier,3,0,0,0,0
17,Jauharah Nabaggala,Midfielder,premier,3,0,0,0,0
18,Monica Nakamu,Midfielder,premier,3,0,0,0,0
19,Swaum Nanjala,Striker,premier,3,0,0,0,0
20,Amina Nyakoa,Defender,premier,3,0,0,0,0
21,Naomi Ongachi,Midfielder,premier,3,0,0,0,0
22,Maximila Robi,Midfielder,premier,3,0,0,0,0
23,Vivian Shiyonzo,Goalkeeper,premier,3,0,0,0,0
24,Noel Amutata,Striker,premier,3,0,0,0,0
45,Velma Auma,Goalkeeper,premier,2,0,0,0,0
46,Judith Osimno,Goalkeeper,premier,2,0,0,0,0
47,Maureen Shimulu,Goalkeeper,premier,2,0,0,0,0
48,Lavender Abong'o,Goalkeeper,premier,2,0,0,0,0
49,Diana Shakava,Defender,premier,2,0,0,0,0
50,Christine Nakale,Defender,premier,2,0,0,0,0
51,Emmaculate Wangira,Defender,premier,2,0,0,0,0
52,Margaret Odiro,Defender,premier,2,0,0,0,0
53,Sophy Adhiambo,Defender,premier,2,0,0,0,0
54,Dorcal Glender,Defender,premier,2,0,0,0,0
55,Lorine Ilavonga,Defender,premier,2,0,0,0,0
56,Everline Juma,Midfielder,premier,2,0,0,0,0
57,Charity Lukhavi,Midfielder,premier,2,0,0,0,0
58,Lilian Ngina,Midfielder,premier,2,0,0,0,0
59,Linda Okoside,Midfielder,premier,2,0,0,0,0
60,Lucy Nato,Midfielder,premier,2,0,0,0,0
61,Sylvia Mukai,Midfielder,premier,2,0,0,0,0
62,Beverline Akida,Midfielder,premier,2,0,0,0,0
63,Mercy Airo,Forward,premier,2,0,0,0,0
64,Elizabeth Mideva,Striker,premier,2,0,0,0,0
65,Sharline Nambengele,Forward,premier,2,2,0,3,0
66,Silya Rasoha,Forward,premier,2,1,0,1,0
67,Quinter Adhiambo,Forward,premier,3,0,0,3,0
68,Margaret Muchera,Forward,premier,2,0,0,0,0
69,Valentine Khwaka,Goalkeeper,premier,9,0,0,0,0
70,Ivy Makokha,Goalkeeper,premier,9,0,0,0,0
71,Olive Otwaro,Goalkeeper,premier,9,0,0,0,0
72,Mellany Achieng,Goalkeeper,premier,9,0,0,0,0
73,Wincate Kaari,Defender,premier,9,0,0,0,0
74,Margaret Kwamboka,Defender,premier,9,0,0,0,0
75,Adah Okunyo,Defender,premier,9,0,0,0,0
76,Bevarline Awuor,Defender,premier,9,0,0,0,0
77,Veronicah Nyambura,Defender,premier,9,0,0,0,0
78,Benedete Oluoch,Defender,premier,9,0,0,0,0
79,Immaculate Wangira,Defender,premier,9,0,0,0,0
80,Brenda Onyango,Defender,premier,9,0,0,0,0
81,Nestley Nyongesa,Defender,premier,9,0,0,0,0
82,Mollyne Akinyi,Defender,premier,9,0,0,0,0
83,Rachael Adhiambo,Defender,premier,9,0,0,0,0
84,Marline Atieno,Defender,premier,9,0,0,0,0
85,Vivian Adhiambo,Midfielder,premier,9,0,0,0,0
86,Sylvia Otieno,Midfielder,premier,9,1,0,1,0
87,Mellisha Akinyi,Midfielder,premier,9,0,0,0,0
88,Sharon Khasandi,Midfielder,premier,9,0,0,0,0
89,Clotilda Auma,Midfielder,premier,9,0,0,0,0
90,Seline Achieng,Midfielder,premier,9,0,0,0,0
91,Wilkister Simiyu,Midfielder,premier,9,0,0,0,0
92,Dora Achieng,Midfielder,premier,9,0,0,0,0
93,Jerrine Adhiambo,Midfielder,premier,9,0,2,1,0
94,Judith Ochieng,Forward,premier,9,0,0,0,0
95,Gladwell Musungu,Forward,premier,9,0,0,0,0
96,Faith Ochieng,Forward,premier,9,0,0,0,0
97,Tabitha Wambui,Forward,premier,9,0,0,0,0
98,Shalin Akinyi,Forward,premier,9,0,0,0,0
99,Iddah Adhiambo,Forward,premier,9,0,0,0,0
100,Mitshel Waithera,Forward,premier,9,2,0,1,0
101,Nelly Kache,Forward,premier,9,0,0,0,0
102,Margaret Nakhumicha,Goalkeeper,premier,11,0,0,0,0
103,Coret Naliaka,Goalkeeper,premier,11,0,0,0,0
104,Ezrah Nekesa,Goalkeeper,premier,11,0,0,0,0
105,Coleta Akinyi,Defender,premier,11,0,0,0,0
106,Salma Asman,Defender,premier,11,0,0,0,0
107,Purity Awino,Defender,premier,11,0,0,0,0
108,Esther Ingendi,Defender,premier,11,0,0,0,0
109,Dorcas Nanjala Khaemba,Defender,premier,11,0,0,0,0
110,Mary Khamete,Defender,premier,11,0,0,0,0
111,Lucy Makokha,Defender,premier,11,0,0,0,0
112,Phoebe Mwangale,Defender,premier,11,0,0,0,0
113,Faith Wesonga,Defender,premier,11,0,0,0,0
114,Lydia Adika,Midfielder,premier,11,0,0,0,0
115,Saida Akinyi,Midfielder,premier,11,0,0,0,0
116,Silvia Alwanga,Midfielder,premier,11,0,0,0,0
117,Consolata Atieno,Midfielder,premier,11,0,0,0,0
118,Sarah Naliaka Barasa,Midfielder,premier,11,0,0,0,0
119,Faith Chemwor,Midfielder,premier,11,0,0,0,0
120,Sylvia Kapera,Midfielder,premier,11,0,0,0,0
121,Sharon Mukhwana,Midfielder,premier,11,0,0,0,0
122,Pricencilia Odongo,Midfielder,premier,11,0,0,0,0
123,Ruth Wekesa,Midfielder,premier,11,0,0,0,0
124,Phoebe Barasa,Striker,premier,11,0,0,0,0
125,Maureen Eseri,Striker,premier,11,0,0,0,0
126,Monica Etot,Striker,premier,11,0,0,0,0
127,Monicah Naswa,Striker,premier,11,0,0,0,0
128,Laura Shitawa,Striker,premier,11,0,0,0,0
129,Mildred Simiyu,Striker,premier,11,0,0,0,0
130,Celestine Wanjala,Striker,premier,11,0,0,0,0
131,Dorine Ouma,Goalkeeper,premier,7,0,0,0,0
132,Lilian Opiyo,Goalkeeper,premier,7,0,0,0,0
133,Belinda Nanjala,Defender,premier,7,0,0,0,0
134,Caren Wanyonyi,Defender,premier,7,0,0,0,0
135,Esther Kiberenge,Defender,premier,7,0,0,0,0
136,Eunice Alivitsa,Defender,premier,7,0,0,0,0
137,Faith Osundwa,Defender,premier,7,0,0,0,0
138,Faith Osundwa,Defender,premier,7,0,0,0,0
139,Phillis Nasimiyu,Defender,premier,7,0,0,0,0
140,Vivian Amondi,Defender,premier,7,0,0,0,0
141,Ann Yvonne Aromo,Midfielder,premier,7,0,0,0,0
142,Bianga Nekoye,Midfielder,premier,7,0,0,0,0
143,Emelda Onyango,Midfielder,premier,7,0,0,0,0
144,Faith Mugeni,Midfielder,premier,7,0,0,0,0
145,Peris Namukoli,Midfielder,premier,7,0,0,0,0
146,Sara Masiebi,Midfielder,premier,7,0,0,0,0
147,Selina Kageha,Midfielder,premier,7,0,0,0,0
148,Susan Wanyoni,Midfielder,premier,7,0,0,0,0
149,Winny Rose Wanyama,Midfielder,premier,7,0,0,0,0
150,Bracksides Itambo,Striker,premier,7,0,0,0,0
151,Catherine Khaemba,Striker,premier,7,0,0,0,0
152,Cynthia Chesoli,Striker,premier,7,0,0,0,0
153,Cynthia Nekesa,Striker,premier,7,0,0,0,0
154,Dolphina Barasa,Striker,premier,7,0,0,0,0
155,Hanifa Mashasha,Striker,premier,7,0,0,0,0
156,Lilian Nechesa,Striker,premier,7,0,0,0,0
157,Ruth Waswa,Striker,premier,7,0,0,0,0
158,Nelly Achieng',Goalkeeper,premier,6,0,0,0,0
159,Sonia Wambui,Goalkeeper,premier,6,0,0,0,0
160,Martha Nafula,Defender,premier,6,0,0,0,0
161,Sharon Lidoro,Defender,premier,6,0,0,0,0
162,Maryann Achieng',Defender,premier,6,0,0,0,0
163,Foscah Kanenge,Defender,premier,6,0,0,0,0
164,Maryjane Otieno,Defender,premier,6,0,0,0,0
165,Ivy Onyango,Defender,premier,6,0,0,0,0
166,Drailer Salome,Midfielder,premier,6,0,0,0,0
167,Grace Okumu,Midfielder,premier,6,0,0,0,0
168,Elizabeth Okello,Midfielder,premier,6,0,0,0,0
169,Shaneez Nyambura,Midfielder,premier,6,0,0,0,0
170,Rebecca Odato,Midfielder,premier,6,0,0,0,0
171,Shani Shemaiah,Midfielder,premier,6,0,0,0,0
172,Nayoma Adianca,Midfielder,premier,6,0,0,0,0
173,Naomi Masinde,Midfielder,premier,6,0,0,0,0
174,Esther Ngugi,Midfielder,premier,6,0,0,0,0
175,Eunice Nabwoba,Midfielder,premier,6,0,0,0,0
176,Magneta Ocharo,Forward,premier,6,1,0,2,0
177,Calta Nasambu,Forward,premier,6,0,1,2,0
178,Charity Wanjala,Forward,premier,6,0,0,0,0
179,Anney Matinde,Forward,premier,6,0,0,0,0
180,Ivy Biwott,Forward,premier,6,0,0,0,0
181,Jane Njeri,Forward,premier,6,0,0,0,0
182,Fridah Parloma,Forward,premier,6,0,0,0,0
183,Faith Mboya,Forward,premier,1,2,2,2,0
184,Florida Omusanga,Goalkeeper,premier,8,0,0,0,0
185,Ruth Achieng,Goalkeeper,premier,8,0,0,0,0
186,Christable Ordia,,premier,8,0,0,0,0
187,Celestine Aludo,,premier,8,0,0,0,0
188,Litron Kimuli,,premier,8,0,0,0,0
189,Mercyline Sakwa,,premier,8,0,0,0,0
190,Fridhaus Abdalla,,premier,8,0,0,0,0
191,Sarah Chalovu,,premier,8,0,0,0,0
192,Lindah Okoside,,premier,8,0,0,0,0
193,Hildah Wanjiku,,premier,8,0,0,0,0
194,Eugene Linda Achieng,,premier,8,0,0,0,0
195,Dorcas Neema,,premier,8,0,0,0,0
196,Monica Nyakoa,,premier,8,0,0,0,0
197,Georgina Mulati,,premier,8,0,0,0,0
198,Susan Akoth,,premier,8,0,0,0,0
199,Sheila Adongo,,premier,8,0,0,0,0
200,Judith Adhiambo,,premier,8,0,0,0,0
201,Jane Kweyu,,premier,8,0,0,0,0
202,Joy Marvelous,,premier,8,0,0,0,0
203,Yvonne Adhiambo,,premier,8,0,0,0,0
204,Clare Paul,,premier,8,0,0,0,0
205,Annet Kundu,Goalkeeper,premier,1,0,0,0,0
206,Daisy Nakaziro,Goalkeeper,premier,1,0,0,0,0
207,Mishi Mbaru,Goalkeeper,premier,1,0,0,0,0
208,Diana Tembesi,Goalkeeper,premier,1,0,0,0,0
209,Mary Kilonzo Nthambi,,premier,1,0,0,0,0
210,Leah Andiema,Defender,premier,1,0,0,0,0
211,Diana Anyango,,premier,1,0,0,0,0
212,Alice Mideri,,premier,1,0,0,0,0
213,Brenda Anne,,premier,1,0,0,0,0
214,Norah Ann,,premier,1,0,0,0,0
215,Elizabeth Ochaka,,premier,1,0,0,0,0
216,Sandra Kisakye,,premier,1,0,0,0,0
217,Hadija Nandago,,premier,1,0,0,0,0
218,Halima Imbachi,,premier,1,0,0,0,0
219,Lydia Akoth,,premier,1,0,0,0,0
220,Cynthia Atieno,,premier,1,0,0,0,0
221,Medina Abubakar,,premier,1,0,0,0,0
222,Lorna Nyarinda,Defender,premier,1,2,0,3,0
223,Martha Amunyolet,,premier,1,0,0,0,0
224,Tereza Engesha,Forward,premier,1,2,0,2,0
225,Airin Madalina,,premier,1,0,0,0,0
226,Eglay Mukwana,,premier,1,0,0,0,0
227,Lucy Kwekwe,,premier,1,0,0,0,0
228,Rebecca Okwaro,,premier,1,0,0,0,0
229,Margaret Kunihira,,premier,1,0,0,0,0
230,Emily Morang'a,,premier,1,0,0,0,0
231,Ochiel Lilian,Goalkeeper,premier,4,0,0,0,0
232,Mboone Agnes,,premier,4,0,0,0,0
233,Ayako Ferbish,,premier,4,0,0,0,0
234,Njeri Shalen,,premier,4,0,0,0,0
235,Kamwiliwa Mercy,,premier,4,0,0,0,0
236,Anyango Mercy,,premier,4,0,0,0,0
237,Mugoto Charity,,premier,4,0,0,0,0
238,Muteshi Elizabeth,,premier,4,0,0,0,0
239,Otieno Phoebe,,premier,4,0,0,0,0
240,Bakari Anifa,,premier,4,0,0,0,0
241,Wanjala Emily,,premier,4,0,0,0,0
242,Kalara Pauline,,premier,4,0,0,0,0
243,Kitunguli Beryl,,premier,4,0,0,0,0
244,Atieno Ruth,,premier,4,0,0,0,0
245,Njeri Lucy,,premier,4,0,0,0,0
246,Mason Dorcas,,premier,4,0,0,0,0
247,Ida Joyce,,premier,4,0,0,0,0
248,Misangi Rebecca,,premier,4,0,0,0,0
249,Mumbua Rose,,premier,4,0,0,0,0
250,Pauline Kathuru,Goalkeeper,premier,12,0,0,0,0
251,Mwanaharab Husna Hassan,,premier,12,0,0,0,0
252,Miriam Kurgat,,premier,12,0,0,0,0
253,Sylvia Ondiba,,premier,12,0,0,0,0
254,Hellen Ochieng',,premier,12,0,0,0,0
255,Njeri,,premier,12,0,0,0,0
256,Purity Akinyi,,premier,12,0,0,0,0
257,Christine Mong'ina Machuka,,premier,12,0,0,0,0
258,Mmbohi,,premier,12,0,0,0,0
259,Christine Ondieki,,premier,12,0,0,0,0
260,Eleen Wanjala,,premier,12,0,0,0,0
261,Damaris Ondieki,Goalkeeper,premier,12,0,0,0,0
262,Majorine Rael,,premier,12,0,0,0,0
263,Vivian Nancy Ouma,,premier,12,0,0,0,0
264,Vashty Ondimu,,premier,12,0,0,0,0
265,Herine Lucy,,premier,12,0,0,0,0
266,Mishel Awuor,,premier,12,0,0,0,0
267,Daphine Kiyondi,,premier,12,0,0,0,0
268,V. Kolek,Goalkeeper,premier,12,0,0,0,0
269,Lydia Mogere Nyaboke,,premier,12,0,0,0,0
270,Airene Makungu,,premier,5,0,0,0,0
271,Pauline Kasandi,,premier,5,0,0,0,0
272,Odhiambo Roselyne,,premier,5,0,0,0,0
273,Imesi Gladys,,premier,5,0,0,0,0
274,Phanice Lwosi,,premier,5,0,0,0,0
275,Mong'ina Vivian,,premier,5,0,0,0,0
276,Amina Amos,,premier,5,0,0,0,0
277,Mejja Martha,,premier,5,0,0,0,0
278,Wavinya Anne,,premier,5,0,0,0,0
279,Josephine Werenga,,premier,5,0,0,0,0
280,Moraa Ann,,premier,5,0,0,0,0
281,Esther Musimbi,,premier,5,0,0,0,0
282,Anyoso Eldah,,premier,5,0,0,0,0
283,Sharon Iminza,,premier,5,0,0,0,0
284,Imbotio Esther,,premier,5,0,0,0,0
285,Mithi Esther,,premier,5,0,0,0,0
286,Bright Oresha,,premier,5,0,0,0,0
287,Sarah Nanzai,,premier,5,0,0,0,0
288,Marion Khasoha,,premier,5,0,0,0,0
289,Achom Mary,,premier,5,0,0,0,0
290,Jacinta Auma Onyango,,premier,5,0,0,0,0
291,Abigael Masafu,,premier,10,0,0,0,0
292,Triza Ekesa,,premier,10,0,0,0,0
293,Cynthia Odhiambo,,premier,10,0,0,0,0
294,Peris Oside,,premier,10,0,0,0,0
295,Lenah Okwoku,,premier,10,0,0,0,0
296,Mary Atieno,,premier,10,0,0,0,0
297,Floice Khanali,,premier,10,0,0,0,0
298,Victoria Juma,,premier,10,0,0,0,0
299,Jael Salano,,premier,10,0,0,0,0
300,Vivian Otieno,,premier,10,1,0,3,0
301,Mercyline Nafula,,premier,10,1,0,3,0
302,Deborah Nyakango,,premier,10,0,0,0,0
303,Belinda Akumu,,premier,10,0,0,0,0
304,Shakira Kiptoo,,premier,10,0,0,0,0
305,Lucy Atieno,,premier,10,0,0,0,0
306,Susan Aluoch,,premier,10,0,0,0,0
307,Catherine Kizito,,premier,10,0,0,0,0
308,Christine Auma Onyango,,premier,10,0,0,0,0

